Jesus Foster,36,94388176190,j.foster@email.com,(45) 5364-9399,Belém,PA,2013-05-03 13:40:29.033428
Richard Williams,57,06398395039,r.williams@email.com,(87) 9250-4950,Belém,PA,1978-06-22 13:28:58.766903
Jule Joseph,46,92007990409,j.joseph@email.com,(88) 9551-8521,Brasília,DF,1996-05-14 08:09:55.077156
John Martin,69,89385277866,j.martin@email.com,(48) 6779-1420,Goiânia,GO,2005-02-09 18:21:08.911531
Joseph Reinhardt,55,51454772270,j.reinhardt@email.com,(77) 5903-9190,Brasília,DF,2016-09-20 07:29:48.646325
Linda Blankenship,79,81765022904,l.blankenship@email.com,(81) 1986-6540,Fortaleza,CE,2014-09-23 15:51:34.649118
Jacqualine Mclean,45,04362584728,j.mclean@email.com,(07) 2312-7944,Goiânia,GO,2006-02-13 07:57:25.099621
Kenneth Pearce,16,30447157616,k.pearce@email.com,(64) 7862-6391,Manaus,AM,1992-08-05 03:37:08.230327
Terry Martin,46,58794542730,t.martin@email.com,(34) 7891-6921,Campinas,SP,2015-10-17 13:33:17.848491
Brent Campbell,27,49399554267,b.campbell@email.com,(06) 7817-3380,São Paulo,SP,1973-01-06 04:52:15.587285
Roberto White,83,30849301019,r.white@email.com,(73) 8250-5149,Salvador,BA,2006-11-13 04:28:06.359977
Peter French,58,98377431021,p.french@email.com,(60) 9203-1623,Goiânia,GO,1974-05-11 16:18:28.876924
Andrea Bradley,43,01351857168,a.bradley@email.com,(09) 7825-0091,Belém,PA,1973-09-21 11:24:10.866671
Michael Kunze,92,00643448780,m.kunze@email.com,(17) 5749-8196,Maceió,AL,1984-11-22 22:04:42.843486
David Langford,27,83932405353,d.langford@email.com,(48) 2494-6267,Belo Horizonte,MG,2007-01-25 14:26:01.287622
Albert Acosta,79,12458810308,a.acosta@email.com,(67) 6850-9680,Salvador,BA,1977-05-21 20:50:27.491059
Kimberly Atkin,50,74539025809,k.atkin@email.com,(40) 3993-8852,São Paulo,SP,2020-02-08 08:59:21.202715
Michael Perez,89,40181764503,m.perez@email.com,(65) 2754-0667,Salvador,BA,1983-10-05 04:32:56.072423
Calvin Groys,90,61894807667,c.groys@email.com,(48) 7415-0366,Recife,PE,1970-09-28 06:29:35.785071
Bruce Simpson,87,98128314909,b.simpson@email.com,(92) 4186-3015,Belo Horizonte,MG,2021-06-10 22:49:28.793904
Phyllis Javier,37,11529196016,p.javier@email.com,(78) 2096-1984,Maceió,AL,1986-05-21 02:37:33.226196
Victoria Merle,25,37651429497,v.merle@email.com,(08) 9100-9434,Guarulhos,SP,1973-06-06 14:48:54.291802
Milagros West,97,69752772010,m.west@email.com,(41) 5316-8987,Rio de Janeiro,RJ,2004-04-09 18:02:16.164331
Sarah Horsley,38,38338477684,s.horsley@email.com,(39) 7045-6947,Campo Grande,MS,2015-07-04 11:26:43.572148
Marguerite Banks,72,07447782517,m.banks@email.com,(59) 4534-9209,Guarulhos,SP,2002-06-27 10:46:13.295924
Julie Nylen,79,29139913789,j.nylen@email.com,(80) 2927-6601,São Paulo,SP,1985-12-07 16:57:14.630189
Pauline Hughes,53,50371781397,p.hughes@email.com,(76) 1127-5126,Maceió,AL,1972-05-09 01:35:14.480654
Crystal Campbell,27,37408738028,c.campbell@email.com,(04) 7954-8394,Manaus,AM,2017-01-24 18:09:49.713096
Michael Fitzgerald,22,90093610638,m.fitzgerald@email.com,(23) 4300-2501,Duque de Caxias,RJ,1979-06-20 03:52:46.443303
Luke Pease,43,90101867998,l.pease@email.com,(76) 6300-1999,Manaus,AM,2007-02-19 16:55:14.230266
Pierre Torres,23,80413237049,p.torres@email.com,(50) 1342-9324,Guarulhos,SP,1976-06-07 23:15:50.422176
Jason Machado,36,80837465440,j.machado@email.com,(47) 9810-1020,Maceió,AL,2015-01-27 20:25:09.599720
Gladys Kramer,52,78457206053,g.kramer@email.com,(51) 5083-2297,Curitiba,PR,2017-05-26 21:35:31.128214
Mitchell Wainwright,46,99208260198,m.wainwright@email.com,(27) 7940-7145,Natal,RN,1981-06-22 13:07:37.466845
Mary Morgan,42,88021434187,m.morgan@email.com,(65) 5891-9805,Recife,PE,1984-09-29 17:33:59.549073
Arden Whiteman,20,70683025031,a.whiteman@email.com,(84) 5370-2329,Salvador,BA,2005-03-05 18:15:55.132439
Luz Hume,97,16958200235,l.hume@email.com,(25) 1928-1978,Brasília,DF,1974-07-09 23:37:19.252309
Linda Sanchez,20,82423384697,l.sanchez@email.com,(68) 4614-1162,Maceió,AL,1994-12-21 13:17:44.192257
Mary Baker,93,79526442627,m.baker@email.com,(53) 1058-7658,Porto Alegre,RS,2003-04-05 18:16:12.768935
Ollie Brown,21,01133877805,o.brown@email.com,(19) 5274-3335,Campo Grande,MS,2004-06-25 01:22:01.339903
Jane Jones,37,32056104106,j.jones@email.com,(80) 6069-2947,Curitiba,PR,1992-09-15 13:21:06.523738
Cheryl Barrick,33,98675829885,c.barrick@email.com,(22) 6130-1707,Rio de Janeiro,RJ,1997-03-07 21:08:20.834137
Calvin Duggins,22,84976249960,c.duggins@email.com,(17) 3408-0995,Manaus,AM,1998-10-15 19:25:55.853539
Duane Arnold,40,52758256691,d.arnold@email.com,(37) 3318-6799,Campinas,SP,1985-05-26 12:30:45.670404
Richard Buchanan,23,22768770620,r.buchanan@email.com,(25) 4430-8959,Belém,PA,1970-05-18 05:50:11.289714
Alyce Wolters,99,86629775405,a.wolters@email.com,(54) 1410-8672,Belém,PA,2018-11-25 20:59:28.104327
Mary Coelho,71,64637852600,m.coelho@email.com,(81) 7853-1926,Duque de Caxias,RJ,1990-08-29 08:25:29.763313
Patrice Snider,39,80907675550,p.snider@email.com,(33) 2926-0021,Maceió,AL,1983-08-29 09:16:54.201069
Vannessa West,24,57017209886,v.west@email.com,(46) 3002-0391,Brasília,DF,1987-03-26 07:55:17.462617
David Mcintyre,53,12887252452,d.mcintyre@email.com,(65) 2516-7239,Guarulhos,SP,1993-04-16 08:35:34.860748
Juana Colston,76,26869431177,j.colston@email.com,(63) 7706-9530,São Luís,MA,2020-04-12 06:24:45.066776
Mathew Meade,87,31965203389,m.meade@email.com,(49) 7646-4346,Recife,PE,2001-11-11 14:19:39.750580
Mary Birdsong,42,96143247601,m.birdsong@email.com,(02) 9907-4985,Brasília,DF,2006-04-14 13:34:58.913798
Terri Petersen,33,77979608204,t.petersen@email.com,(56) 1343-9939,Manaus,AM,2004-09-14 01:17:21.695365
Bruce Johnson,84,00940843482,b.johnson@email.com,(83) 8784-4510,São Luís,MA,1994-12-19 10:39:38.731009
Mark Bennett,80,74739064024,m.bennett@email.com,(61) 1305-7326,Maceió,AL,2007-10-18 21:19:59.601137
Keith Stuemke,34,06444707466,k.stuemke@email.com,(52) 9489-8053,Curitiba,PR,1984-01-05 23:24:40.849909
Joanne Mcnamara,85,64471088866,j.mcnamara@email.com,(60) 7170-3488,Maceió,AL,1995-03-14 23:56:46.329640
Julio Bowar,77,15731654843,j.bowar@email.com,(27) 3485-8099,Campo Grande,MS,1972-12-16 13:55:55.576167
Jon Howard,66,30763289217,j.howard@email.com,(56) 8090-7805,Campinas,SP,2014-05-05 02:21:24.645577
Sylvia Schultz,50,90606907676,s.schultz@email.com,(62) 1881-1912,Brasília,DF,1972-07-18 10:16:33.814151
Mark Cote,87,83168445104,m.cote@email.com,(19) 9014-6700,Maceió,AL,1990-05-28 12:23:05.415591
Alexandra Gordon,97,00440219030,a.gordon@email.com,(41) 7402-8222,Campo Grande,MS,1999-08-29 23:41:53.566302
Billie Sinclair,42,70415839681,b.sinclair@email.com,(27) 8907-2267,Guarulhos,SP,1988-06-27 13:40:12.847446
William Jones,55,67957284140,w.jones@email.com,(01) 4714-3657,Salvador,BA,2013-04-30 16:46:20.462500
Tiffany Smith,29,64816479728,t.smith@email.com,(78) 5893-0252,Porto Alegre,RS,2009-11-22 13:21:21.308230
Mary Henley,27,66241909639,m.henley@email.com,(32) 0578-6549,Salvador,BA,1980-11-29 08:17:44.027786
Virginia Taylor,15,79543050273,v.taylor@email.com,(05) 9591-8547,Fortaleza,CE,2001-11-06 09:02:48.660915
Katerine Cates,47,17643961327,k.cates@email.com,(30) 1032-8903,Campinas,SP,2018-06-28 08:26:43.302727
Brandon Varian,68,30526392157,b.varian@email.com,(68) 0378-8723,Duque de Caxias,RJ,1972-10-22 02:22:19.684148
Tammy Beyer,50,49052147294,t.beyer@email.com,(02) 9075-9744,São Paulo,SP,2014-03-15 14:06:18.204872
Betty Kempf,70,74541690897,b.kempf@email.com,(18) 5037-8115,Belém,PA,1974-09-09 03:39:38.241527
Dewayne Smith,58,59709186009,d.smith@email.com,(57) 4141-0455,São Gonçalo,RJ,1985-09-05 01:30:30.460185
Tony Newson,21,17853669060,t.newson@email.com,(38) 2736-0024,Recife,PE,2016-10-28 07:26:09.033596
James Allen,87,23528877872,j.allen@email.com,(59) 6371-9896,Manaus,AM,1986-04-26 13:02:12.191421
Shelley Carr,29,05417822243,s.carr@email.com,(32) 8186-4713,Campinas,SP,1990-07-23 10:02:41.594459
Bonnie Mckinley,54,74744073150,b.mckinley@email.com,(83) 9104-2264,Curitiba,PR,2002-05-12 19:04:39.527270
Kristan Singleton,94,50731660576,k.singleton@email.com,(85) 1438-8962,Recife,PE,1977-07-13 07:50:54.469526
Randy Daley,71,83531613199,r.daley@email.com,(48) 4865-7989,Salvador,BA,1995-04-30 20:11:17.833858
James Mcculley,87,68637463630,j.mcculley@email.com,(15) 4474-6289,Goiânia,GO,1991-01-14 10:06:26.609060
Andrew Curly,23,43834678548,a.curly@email.com,(73) 6247-5567,Belém,PA,1990-08-14 07:19:55.042441
Guy Camarillo,35,96620522260,g.camarillo@email.com,(47) 5735-7364,Guarulhos,SP,2006-06-29 01:20:17.851729
Norma Pappalardo,81,67525141332,n.pappalardo@email.com,(10) 1023-9228,São Luís,MA,1985-11-13 04:34:31.878760
Anthony Barnes,73,18067029627,a.barnes@email.com,(49) 9034-6565,Belo Horizonte,MG,1987-09-27 14:11:41.128522
Diane Culliton,69,71600907297,d.culliton@email.com,(85) 0672-9355,Campinas,SP,2013-02-13 08:11:30.882639
Vivian Pinc,43,56233759118,v.pinc@email.com,(06) 9360-9939,São Paulo,SP,2001-01-10 07:30:04.590119
Eugene Mcquade,39,40819909826,e.mcquade@email.com,(34) 5329-4057,Rio de Janeiro,RJ,2020-10-13 05:26:15.402006
Bruce Hebert,21,01451691388,b.hebert@email.com,(23) 7838-4625,São Paulo,SP,1984-11-15 11:20:02.254466
Darryl Collins,88,72248116421,d.collins@email.com,(30) 6495-8878,Campinas,SP,2021-04-03 01:56:02.440099
Mary Melendez,68,08369711041,m.melendez@email.com,(55) 1224-5328,Brasília,DF,1983-08-02 05:43:50.675216
Pauline Hirsch,91,44290440181,p.hirsch@email.com,(76) 3854-1590,Brasília,DF,1992-04-11 16:16:29.374474
Gwendolyn Mcphail,87,06536038167,g.mcphail@email.com,(51) 3456-0340,Salvador,BA,1985-07-05 07:22:01.232931
David Daly,96,47293867208,d.daly@email.com,(21) 1998-6389,Belém,PA,1984-06-13 03:52:53.775849
Brooke Wilson,56,85889305923,b.wilson@email.com,(00) 9005-7228,Duque de Caxias,RJ,2011-03-03 05:37:24.518348
Steven Negron,27,64330156335,s.negron@email.com,(51) 2276-2101,São Gonçalo,RJ,1978-08-04 03:43:49.429020
Robin Moran,93,03314240883,r.moran@email.com,(03) 9835-6268,Campinas,SP,1985-10-10 01:49:44.361492
Antionette Hagstrom,22,91057091931,a.hagstrom@email.com,(85) 8928-2128,Recife,PE,1971-09-15 02:02:56.620149
Arlene Ceraos,35,63164742918,a.ceraos@email.com,(14) 6272-6308,Campinas,SP,2015-12-24 04:49:26.615873
Michael Coplan,95,33515898345,m.coplan@email.com,(25) 5270-6249,Curitiba,PR,2002-05-18 10:45:28.355469
Evelyn Dugan,22,76642277449,e.dugan@email.com,(86) 6024-2902,Campinas,SP,2013-06-12 16:34:27.261432
